<?xml version="1.0" encoding="UTF-8" ?>
<!DOCTYPE mapper
        PUBLIC "-//mybatis.org//DTD Mapper 3.0//EN"
        "http://mybatis.org/dtd/mybatis-3-mapper.dtd">
<mapper namespace="com.ruoyi.redbag.mapper.GiftMemberMapper">

    <resultMap type="GiftMember" id="GiftMemberResult">
        <result property="memberId" column="member_id"/>
        <result property="memberName" column="member_name"/>
        <result property="giftLv" column="gift_lv"/>
        <result property="isVisible" column="is_visible"/>
        <result property="creator" column="creator"/>
        <result property="editor" column="editor"/>
        <result property="createTime" column="create_time"/>
        <result property="editTime" column="edit_time"/>
        <result property="isEnable" column="is_enable"/>
        <result property="nickname" column="nickname"/>
    </resultMap>

    <sql id="selectGiftMemberVo">
        select member_id, member_name, gift_lv, is_visible, creator, editor, create_time, edit_time, is_enable, nickname from gift_member
    </sql>

    <select id="selectGiftMemberList" resultMap="GiftMemberResult">
        <include refid="selectGiftMemberVo"/>
        <where>
            <if test="GiftMember.memberName != null  and GiftMember.memberName != ''">and member_name like concat('%', #{GiftMember.memberName}, '%')
            </if>
            <if test="GiftMember.giftLv != null  and GiftMember.giftLv != ''">and gift_lv = #{GiftMember.giftLv}</if>
            <if test="GiftMember.isVisible != null  and GiftMember.isVisible != ''">and is_visible = #{GiftMember.isVisible}</if>
            <if test="GiftMember.creator != null  and GiftMember.creator != ''">and creator = #{GiftMember.creator}</if>
            <if test="GiftMember.editor != null  and GiftMember.editor != ''">and editor = #{GiftMember.editor}</if>
            <if test="GiftMember.params.beginEditTime != null and GiftMember.params.beginEditTime != '' and GiftMember.params.endEditTime != null and GiftMember.params.endEditTime != ''">
                and edit_time between #{GiftMember.params.beginEditTime} and #{GiftMember.params.endEditTime}
            </if>
            <if test="GiftMember.isEnable != null  and GiftMember.isEnable != ''">and is_enable = #{GiftMember.isEnable}</if>
            <if test="GiftMember.nickname != null  and GiftMember.nickname != ''">and nickname like concat('%', #{GiftMember.nickname}, '%')</if>
        </where>
        <if test="count>0"> limit ${count} </if>
    </select>

    <select id="selectGiftMemberById" parameterType="String" resultMap="GiftMemberResult">
        <include refid="selectGiftMemberVo"/>
        where member_id = #{memberId}
    </select>

    <insert id="insertGiftMember" parameterType="GiftMember">
        insert into gift_member
        <trim prefix="(" suffix=")" suffixOverrides=",">
            <if test="memberId != null">member_id,</if>
            <if test="memberName != null and memberName != ''">member_name,</if>
            <if test="giftLv != null">gift_lv,</if>
            <if test="isVisible != null">is_visible,</if>
            <if test="creator != null">creator,</if>
            <if test="editor != null">editor,</if>
            <if test="createTime != null">create_time,</if>
            <if test="editTime != null">edit_time,</if>
            <if test="isEnable != null">is_enable,</if>
            <if test="nickname != null">nickname,</if>
        </trim>
        <trim prefix="values (" suffix=")" suffixOverrides=",">
            <if test="memberId != null">#{memberId},</if>
            <if test="memberName != null and memberName != ''">#{memberName},</if>
            <if test="giftLv != null">#{giftLv},</if>
            <if test="isVisible != null">#{isVisible},</if>
            <if test="creator != null">#{creator},</if>
            <if test="editor != null">#{editor},</if>
            <if test="createTime != null">#{createTime},</if>
            <if test="editTime != null">#{editTime},</if>
            <if test="isEnable != null">#{isEnable},</if>
            <if test="nickname != null">#{nickname},</if>
        </trim>
    </insert>

    <update id="updateGiftMember" parameterType="GiftMember">
        update gift_member
        <trim prefix="SET" suffixOverrides=",">
            <if test="memberName != null and memberName != ''">member_name = #{memberName},</if>
            <if test="giftLv != null">gift_lv = #{giftLv},</if>
            <if test="isVisible != null">is_visible = #{isVisible},</if>
            <if test="creator != null">creator = #{creator},</if>
            <if test="editor != null">editor = #{editor},</if>
            <if test="createTime != null">create_time = #{createTime},</if>
            <if test="editTime != null">edit_time = #{editTime},</if>
            <if test="isEnable != null">is_enable = #{isEnable},</if>
            <if test="nickname != null">nickname = #{nickname},</if>
        </trim>
        where member_id = #{memberId}
    </update>

    <delete id="deleteGiftMemberById" parameterType="String">
        delete from gift_member where member_id = #{memberId}
    </delete>

    <delete id="deleteGiftMemberByIds" parameterType="String">
        delete from gift_member where member_id in
        <foreach item="memberId" collection="array" open="(" separator="," close=")">
            #{memberId}
        </foreach>
    </delete>

</mapper>