<?xml version="1.0" encoding="UTF-8" ?>
<!DOCTYPE mapper
PUBLIC "-//mybatis.org//DTD Mapper 3.0//EN"
"http://mybatis.org/dtd/mybatis-3-mapper.dtd">
<mapper namespace="com.ruoyi.redbag.mapper.GiftConfigMapper">
    
    <resultMap type="GiftConfig" id="GiftConfigResult">
        <result property="giftId"    column="gift_id"    />
        <result property="giftName"    column="gift_name"    />
        <result property="imgurl"    column="imgurl"    />
        <result property="giftMember"    column="gift_member"    />
        <result property="giftCount"    column="gift_count"    />
        <result property="name"    column="name"    />
    </resultMap>

    <sql id="selectGiftConfigVo">
        select gift_id, gift_name, imgurl, gift_member, gift_count, name from gift_config
    </sql>

    <select id="selectGiftConfigAll" resultMap="GiftConfigResult">
        <include refid="selectGiftConfigVo"/>
    </select>

    <select id="selectGiftConfigList" parameterType="GiftConfig" resultMap="GiftConfigResult">
        <include refid="selectGiftConfigVo"/>
        <where>  
            <if test="giftName != null  and giftName != ''"> and gift_name like concat('%', #{giftName}, '%')</if>
            <if test="imgurl != null  and imgurl != ''"> and imgurl = #{imgurl}</if>
            <if test="giftMember != null "> and gift_member = #{giftMember}</if>
            <if test="giftCount != null "> and gift_count = #{giftCount}</if>
            <if test="name != null  and name != ''"> and name like concat('%', #{name}, '%')</if>
        </where>
        order by gift_id asc
    </select>
    
    <select id="selectGiftConfigById" parameterType="Long" resultMap="GiftConfigResult">
        <include refid="selectGiftConfigVo"/>
        where gift_id = #{giftId}
    </select>
        
    <insert id="insertGiftConfig" parameterType="GiftConfig" useGeneratedKeys="true" keyProperty="giftId">
        insert into gift_config
        <trim prefix="(" suffix=")" suffixOverrides=",">
            <if test="giftName != null and giftName != ''">gift_name,</if>
            <if test="imgurl != null and imgurl != ''">imgurl,</if>
            <if test="giftMember != null">gift_member,</if>
            <if test="giftCount != null">gift_count,</if>
            <if test="name != null">name,</if>
         </trim>
        <trim prefix="values (" suffix=")" suffixOverrides=",">
            <if test="giftName != null and giftName != ''">#{giftName},</if>
            <if test="imgurl != null and imgurl != ''">#{imgurl},</if>
            <if test="giftMember != null">#{giftMember},</if>
            <if test="giftCount != null">#{giftCount},</if>
            <if test="name != null">#{name},</if>
         </trim>
    </insert>

    <update id="updateGiftConfig" parameterType="GiftConfig">
        update gift_config
        <trim prefix="SET" suffixOverrides=",">
            <if test="giftName != null and giftName != ''">gift_name = #{giftName},</if>
            <if test="imgurl != null and imgurl != ''">imgurl = #{imgurl},</if>
            <if test="giftMember != null">gift_member = #{giftMember},</if>
            <if test="giftCount != null">gift_count = #{giftCount},</if>
            <if test="name != null">name = #{name},</if>
        </trim>
        where gift_id = #{giftId}
    </update>

    <delete id="deleteGiftConfigById" parameterType="Long">
        delete from gift_config where gift_id = #{giftId}
    </delete>

    <delete id="deleteGiftConfigByIds" parameterType="String">
        delete from gift_config where gift_id in 
        <foreach item="giftId" collection="array" open="(" separator="," close=")">
            #{giftId}
        </foreach>
    </delete>

</mapper>