<?xml version="1.0" encoding="UTF-8" ?>
<!DOCTYPE mapper
PUBLIC "-//mybatis.org//DTD Mapper 3.0//EN"
"http://mybatis.org/dtd/mybatis-3-mapper.dtd">
<mapper namespace="com.ruoyi.redbag.mapper.GiftLogMapper">
    
    <resultMap type="GiftLog" id="GiftLogResult">
        <result property="logId"    column="log_id"    />
        <result property="ip"    column="ip"    />
        <result property="ipCount"    column="ip_count"    />
        <result property="createTime"    column="create_time"    />
        <result property="editTime"    column="edit_time"    />
    </resultMap>

    <sql id="selectGiftLogVo">
        select log_id, ip, ip_count, create_time, edit_time from gift_log
    </sql>

    <select id="selectGiftLogList" parameterType="GiftLog" resultMap="GiftLogResult">
        <include refid="selectGiftLogVo"/>
        <where>  
            <if test="ip != null  and ip != ''"> and ip like concat('%', #{ip}, '%')</if>
            <if test="params.beginIpCount != null and params.beginIpCount != '' and params.endIpCount != null and params.endIpCount != ''"> and ip_count between #{params.beginIpCount} and #{params.endIpCount}</if>
            <if test="params.beginCreateTime != null and params.beginCreateTime != '' and params.endCreateTime != null and params.endCreateTime != ''"> and create_time between #{params.beginCreateTime} and #{params.endCreateTime}</if>
            <if test="params.beginEditTime != null and params.beginEditTime != '' and params.endEditTime != null and params.endEditTime != ''"> and edit_time between #{params.beginEditTime} and #{params.endEditTime}</if>
        </where>
    </select>
    
    <select id="selectGiftLogById" parameterType="Long" resultMap="GiftLogResult">
        <include refid="selectGiftLogVo"/>
        where log_id = #{logId}
    </select>
        
    <insert id="insertGiftLog" parameterType="GiftLog" useGeneratedKeys="true" keyProperty="logId">
        insert into gift_log
        <trim prefix="(" suffix=")" suffixOverrides=",">
            <if test="ip != null">ip,</if>
            <if test="ipCount != null">ip_count,</if>
            <if test="createTime != null">create_time,</if>
            <if test="editTime != null">edit_time,</if>
         </trim>
        <trim prefix="values (" suffix=")" suffixOverrides=",">
            <if test="ip != null">#{ip},</if>
            <if test="ipCount != null">#{ipCount},</if>
            <if test="createTime != null">#{createTime},</if>
            <if test="editTime != null">#{editTime},</if>
         </trim>
    </insert>

    <update id="updateGiftLog" parameterType="GiftLog">
        update gift_log
        <trim prefix="SET" suffixOverrides=",">
            <if test="ip != null">ip = #{ip},</if>
            <if test="ipCount != null">ip_count = #{ipCount},</if>
            <if test="createTime != null">create_time = #{createTime},</if>
            <if test="editTime != null">edit_time = #{editTime},</if>
        </trim>
        where log_id = #{logId}
    </update>

    <delete id="deleteGiftLogById" parameterType="Long">
        delete from gift_log where log_id = #{logId}
    </delete>

    <delete id="deleteGiftLogByIds" parameterType="String">
        delete from gift_log where log_id in 
        <foreach item="logId" collection="array" open="(" separator="," close=")">
            #{logId}
        </foreach>
    </delete>

</mapper>